time,count,precinct
1609850613777,33,Allgood Elem
1609851663652,39,Allgood Elem
1609855212303,61,Allgood Elem
1609858855564,76,Allgood Elem
1609862365537,98,Allgood Elem
1609866003076,129,Allgood Elem
1609869588615,165,Allgood Elem
1609873200903,187,Allgood Elem
1609876785406,217,Allgood Elem
1609880384484,254,Allgood Elem
1609884033300,280,Allgood Elem
1609887585866,328,Allgood Elem
1609852060365,71,Ashford Park Elem
1609855260097,125,Ashford Park Elem
1609859255486,193,Ashford Park Elem
1609862545666,252,Ashford Park Elem
1609869822098,361,Ashford Park Elem
1609873283392,407,Ashford Park Elem
1609880180158,452,Ashford Park Elem
1609880226413,497,Ashford Park Elem
1609884226281,544,Ashford Park Elem
1609852753478,73,Austin
1609860137136,184,Austin
1609870404734,303,Austin
1609875851436,365,Austin
1609883650373,441,Austin
1609887006739,465,Austin
1609891311453,595,Austin
1609848391147,5,Avondale
1609849117339,20,Avondale
1609851708676,43,Avondale
1609855534281,88,Avondale
1609858925533,155,Avondale
1609862542177,218,Avondale
1609865966221,281,Avondale
1609869553304,323,Avondale
1609873180147,381,Avondale
1609876694497,426,Avondale
1609880371424,474,Avondale
1609884090381,515,Avondale
1609887730885,567,Avondale
1609851979200,22,Austin Drive
1609851773449,77,Ashford Dunwoody Rd
1609855222817,126,Ashford Dunwoody Rd
1609858883786,184,Ashford Dunwoody Rd
1609862482864,248,Ashford Dunwoody Rd
1609866090313,321,Ashford Dunwoody Rd
1609869722221,353,Ashford Dunwoody Rd
1609873317619,403,Ashford Dunwoody Rd
1609876892035,448,Ashford Dunwoody Rd
1609880541377,493,Ashford Dunwoody Rd
1609884146348,536,Ashford Dunwoody Rd
1609887642616,580,Ashford Dunwoody Rd
1609849306062,20,Ashford Parkside
1609854208330,56,Ashford Parkside
1609859455484,121,Ashford Parkside
1609863041132,168,Ashford Parkside
1609866101775,216,Ashford Parkside
1609869982414,260,Ashford Parkside
1609873775559,303,Ashford Parkside
1609877216140,336,Ashford Parkside
1609881039404,371,Ashford Parkside
1609884785388,406,Ashford Parkside
1609853504135,52,Avondale High
1609857715060,65,Avondale High
1609862519051,103,Avondale High
1609867761489,157,Avondale High
1609872820871,183,Avondale High
1609876044615,207,Avondale High
1609878659708,223,Avondale High
1609883027114,252,Avondale High
1609886002538,280,Avondale High
1609850980317,33,Boulevard
1609855178711,77,Boulevard
1609859027134,121,Boulevard
1609862638327,155,Boulevard
1609866139898,194,Boulevard
1609870340215,253,Boulevard
1609873538249,286,Boulevard
1609877584423,326,Boulevard
1609881851230,365,Boulevard
1609884514083,393,Boulevard
1609888234186,429,Boulevard
1609891532160,445,Boulevard
1609852755777,60,Briar Vista Elem
1609855435262,119,Briar Vista Elem
1609858731786,177,Briar Vista Elem
1609863254407,256,Briar Vista Elem
1609866227016,303,Briar Vista Elem
1609869614278,362,Briar Vista Elem
1609873463403,410,Briar Vista Elem
1609877150835,447,Briar Vista Elem
1609880849887,496,Briar Vista Elem
1609883956398,536,Briar Vista Elem
1609887561897,577,Briar Vista Elem
1609854954647,44,Briarlake Elem
1609867843959,196,Briarlake Elem
1609870404436,214,Briarlake Elem
1609874124082,235,Briarlake Elem
1609877579167,269,Briarlake Elem
1609880254873,268,Briarlake Elem
1609880758250,285,Briarlake Elem
1609883955921,306,Briarlake Elem
1609887636159,330,Briarlake Elem
1609851812769,28,Briarwood
1609855378484,56,Briarwood
1609858838067,79,Briarwood
1609862580319,130,Briarwood
1609866010184,165,Briarwood
1609869782624,209,Briarwood
1609873319075,246,Briarwood
1609876920550,284,Briarwood
1609880775789,310,Briarwood
1609884185085,336,Briarwood
1609888144395,360,Briarwood
1609851841271,25,Clairmont Road
1609855363514,58,Clairmont Road
1609859126298,82,Clairmont Road
1609862842850,116,Clairmont Road
1609866209771,147,Clairmont Road
1609869876186,170,Clairmont Road
1609873476264,195,Clairmont Road
1609877279797,220,Clairmont Road
1609880813995,246,Clairmont Road
1609884127317,284,Clairmont Road
1609887960210,308,Clairmont Road
1609848638455,12,Briarcliff
1609850534957,26,Briarcliff
1609854457328,59,Briarcliff
1609858141212,86,Briarcliff
1609865317937,179,Briarcliff
1609868601121,221,Briarcliff
1609873097266,264,Briarcliff
1609876220907,291,Briarcliff
1609879037695,314,Briarcliff
1609882365627,335,Briarcliff
1609886189468,365,Briarcliff
1609889584487,400,Briarcliff
1609851794401,47,Brockett
1609855543467,78,Brockett
1609859409267,116,Brockett
1609862471362,158,Brockett
1609866711462,203,Brockett
1609869951727,226,Brockett
1609873815073,283,Brockett
1609880737982,357,Brockett
1609885441930,402,Brockett
1609851908374,110,Brookhaven
1609855140816,168,Brookhaven
1609858710646,225,Brookhaven
1609862537581,292,Brookhaven
1609866248143,371,Brookhaven
1609869889587,432,Brookhaven
1609873129091,480,Brookhaven
1609876761706,533,Brookhaven
1609880542474,569,Brookhaven
1609884082824,639,Brookhaven
1609887467967,684,Brookhaven
1609891218518,714,Brookhaven
1609847551942,0,Browns Mill Elem
1609851611840,32,Browns Mill Elem
1609855210857,83,Browns Mill Elem
1609858839219,119,Browns Mill Elem
1609862420062,145,Browns Mill Elem
1609866020487,177,Browns Mill Elem
1609869604558,207,Browns Mill Elem
1609873775938,253,Browns Mill Elem
1609876812484,286,Browns Mill Elem
1609880404884,319,Browns Mill Elem
1609884047116,358,Browns Mill Elem
1609887620850,404,Browns Mill Elem
1609891233352,441,Browns Mill Elem
1609851836819,18,Bouldercrest Road
1609855196825,30,Bouldercrest Road
1609858782514,41,Bouldercrest Road
1609862607004,56,Bouldercrest Road
1609866171072,76,Bouldercrest Road
1609869606639,97,Bouldercrest Road
1609873204167,114,Bouldercrest Road
1609877143154,124,Bouldercrest Road
1609881003341,144,Bouldercrest Road
1609883932294,158,Bouldercrest Road
1609887390001,183,Bouldercrest Road
1609852550650,45,Bethune Middle
1609855876176,65,Bethune Middle
1609860217657,100,Bethune Middle
1609864045151,134,Bethune Middle
1609867714572,161,Bethune Middle
1609870014984,184,Bethune Middle
1609876518955,239,Bethune Middle
1609880375921,278,Bethune Middle
1609887473635,383,Bethune Middle
1609851460423,37,Burgess Elem
1609855079704,66,Burgess Elem
1609855325107,68,Burgess Elem
1609858616967,88,Burgess Elem
1609862531587,129,Burgess Elem
1609865815423,154,Burgess Elem
1609869382605,180,Burgess Elem
1609873569945,203,Burgess Elem
1609876490718,221,Burgess Elem
1609880655245,251,Burgess Elem
1609883734832,273,Burgess Elem
1609887251479,302,Burgess Elem
1609851688501,19,Columbia Drive
1609855314015,39,Columbia Drive
1609858929127,63,Columbia Drive
1609862482794,88,Columbia Drive
1609865987181,111,Columbia Drive
1609870419846,137,Columbia Drive
1609880290718,202,Columbia Drive
1609884142783,229,Columbia Drive
1609887644958,252,Columbia Drive
1609851894982,37,Canby Lane Elem
1609855297682,50,Canby Lane Elem
1609859113052,76,Canby Lane Elem
1609862492969,93,Canby Lane Elem
1609866009630,112,Canby Lane Elem
1609869588115,133,Canby Lane Elem
1609873267113,152,Canby Lane Elem
1609876539522,163,Canby Lane Elem
1609880395514,181,Canby Lane Elem
1609884185054,219,Canby Lane Elem
1609887695552,237,Canby Lane Elem
1609891313906,268,Canby Lane Elem
1609848145629,0,Columbia Elem
1609851790588,6,Columbia Elem
1609855598387,20,Columbia Elem
1609859763775,33,Columbia Elem
1609866055085,54,Columbia Elem
1609869689217,71,Columbia Elem
1609873307487,88,Columbia Elem
1609876918630,106,Columbia Elem
1609880960682,124,Columbia Elem
1609884665164,143,Columbia Elem
1609887777703,156,Columbia Elem
1609891843651,173,Columbia Elem
1609851795815,35,Cedar Grove Elem
1609855279624,59,Cedar Grove Elem
1609858887582,83,Cedar Grove Elem
1609862521160,113,Cedar Grove Elem
1609866207734,148,Cedar Grove Elem
1609849294697,27,Chamblee
1609850525377,51,Chamblee
1609853291729,103,Chamblee
1609855418626,141,Chamblee
1609855848654,141,Chamblee
1609859837655,210,Chamblee
1609862072120,262,Chamblee
1609866073770,332,Chamblee
1609870052808,422,Chamblee
1609873915370,472,Chamblee
1609877175348,530,Chamblee
1609880663930,590,Chamblee
1609884315410,658,Chamblee
1609885885854,686,Chamblee
1609887944605,730,Chamblee
1609852226198,44,McNair High
1609857027608,74,McNair High
1609858845567,93,McNair High
1609862779251,126,McNair High
1609866563813,158,McNair High
1609873666685,212,McNair High
1609876828297,253,McNair High
1609880968856,292,McNair High
1609884021444,333,McNair High
1609887342823,370,McNair High
1609848247159,8,Chapel Hill Elem
1609852162847,32,Chapel Hill Elem
1609855395405,64,Chapel Hill Elem
1609858842142,77,Chapel Hill Elem
1609862670653,115,Chapel Hill Elem
1609866219226,142,Chapel Hill Elem
1609869783389,164,Chapel Hill Elem
1609874042028,202,Chapel Hill Elem
1609877018569,223,Chapel Hill Elem
1609880701687,261,Chapel Hill Elem
1609884197316,300,Chapel Hill Elem
1609887970183,352,Chapel Hill Elem
1609891306906,387,Chapel Hill Elem
1609851797773,39,Chesnut Elem
1609855332859,63,Chesnut Elem
1609858855396,95,Chesnut Elem
1609862783254,135,Chesnut Elem
1609866021047,161,Chesnut Elem
1609869658442,194,Chesnut Elem
1609873223848,223,Chesnut Elem
1609876883545,247,Chesnut Elem
1609880490142,265,Chesnut Elem
1609884469223,300,Chesnut Elem
1609887775359,343,Chesnut Elem
1609851677294,27,Clairemont West
1609855293184,69,Clairemont West
1609859008419,92,Clairemont West
1609862973946,120,Clairemont West
1609866079603,140,Clairemont West
1609869767915,172,Clairemont West
1609873335597,195,Clairemont West
1609876954122,214,Clairemont West
1609880469816,230,Clairemont West
1609884118486,249,Clairemont West
1609887671856,269,Clairemont West
1609891200657,280,Clairemont West
1609852184310,51,Brockett Elem
1609855440479,74,Brockett Elem
1609859047149,97,Brockett Elem
1609862380588,126,Brockett Elem
1609866665072,168,Brockett Elem
1609870037767,192,Brockett Elem
1609873290694,214,Brockett Elem
1609876985311,249,Brockett Elem
1609881012082,275,Brockett Elem
1609884437642,294,Brockett Elem
1609887767075,318,Brockett Elem
1609851722355,66,Clarkston
1609855265122,93,Clarkston
1609858863810,135,Clarkston
1609862559646,165,Clarkston
1609866051966,208,Clarkston
1609869799374,246,Clarkston
1609875489745,297,Clarkston
1609877100414,346,Clarkston
1609881291015,400,Clarkston
1609884551696,456,Clarkston
1609851974602,48,Clifton
1609855240309,75,Clifton
1609858630250,97,Clifton
1609861789971,122,Clifton
1609869827342,191,Clifton
1609872988756,220,Clifton
1609877144328,259,Clifton
1609880005015,288,Clifton
1609883188363,336,Clifton
1609886175647,402,Clifton
1609889452739,473,Clifton
1609891401904,502,Clifton
1609851568128,18,Columbia Middle
1609855187381,31,Columbia Middle
1609858814263,47,Columbia Middle
1609862576832,61,Columbia Middle
1609865899701,73,Columbia Middle
1609869496830,87,Columbia Middle
1609872978962,109,Columbia Middle
1609877114663,128,Columbia Middle
1609880173506,139,Columbia Middle
1609884055182,154,Columbia Middle
1609887507528,181,Columbia Middle
1609891666211,197,Columbia Middle
1609848362440,5,Coan Recreation Center
1609851852567,42,Coan Recreation Center
1609855402782,62,Coan Recreation Center
1609859113384,89,Coan Recreation Center
1609862664118,124,Coan Recreation Center
1609866903999,163,Coan Recreation Center
1609869701524,176,Coan Recreation Center
1609873775192,216,Coan Recreation Center
1609877632419,260,Coan Recreation Center
1609880555978,287,Coan Recreation Center
1609883967028,321,Coan Recreation Center
1609887604889,365,Coan Recreation Center
1609891219237,391,Coan Recreation Center
1609848322998,5,Cross Keys High
1609849686034,45,Cross Keys High
1609851867893,72,Cross Keys High
1609855532911,124,Cross Keys High
1609859533401,162,Cross Keys High
1609863341037,202,Cross Keys High
1609866437166,247,Cross Keys High
1609870823406,309,Cross Keys High
1609874119519,365,Cross Keys High
1609877455972,411,Cross Keys High
1609880583729,447,Cross Keys High
1609884503563,502,Cross Keys High
1609888147840,572,Cross Keys High
1609891275461,620,Cross Keys High
1609851575425,29,Crossroads
1609855675065,50,Crossroads
1609858842319,67,Crossroads
1609862632404,90,Crossroads
1609866037221,100,Crossroads
1609869692984,135,Crossroads
1609873761588,167,Crossroads
1609876829189,182,Crossroads
1609880479083,202,Crossroads
1609884004266,231,Crossroads
1609887566915,265,Crossroads
1609851757081,32,Candler
1609855407641,62,Candler
1609859092655,88,Candler
1609862520185,113,Candler
1609866473397,143,Candler
1609870403090,182,Candler
1609873743271,223,Candler
1609877148858,248,Candler
1609880529266,273,Candler
1609884306584,312,Candler
1609887888764,349,Candler
1609851682547,13,Cedar Grove Middle
1609855185948,20,Cedar Grove Middle
1609858786703,32,Cedar Grove Middle
1609862627472,45,Cedar Grove Middle
1609866077583,55,Cedar Grove Middle
1609869871153,67,Cedar Grove Middle
1609869900016,173,Cedar Grove Middle
1609873393415,204,Cedar Grove Middle
1609876938513,233,Cedar Grove Middle
1609877196631,95,Cedar Grove Middle
1609880431219,260,Cedar Grove Middle
1609880434456,109,Cedar Grove Middle
1609884061401,124,Cedar Grove Middle
1609885071088,318,Cedar Grove Middle
1609887620467,147,Cedar Grove Middle
1609889477904,375,Cedar Grove Middle
1609852131577,38,Cedar Grove South
1609856774733,72,Cedar Grove South
1609861516438,103,Cedar Grove South
1609866360090,139,Cedar Grove South
1609870206046,175,Cedar Grove South
1609875457872,220,Cedar Grove South
1609878770977,259,Cedar Grove South
1609882139317,294,Cedar Grove South
1609885716280,338,Cedar Grove South
1609889407946,392,Cedar Grove South
1609849087003,9,Covington Hwy
1609851823405,21,Covington Hwy
1609855945873,33,Covington Hwy
1609856096530,43,Covington Hwy
1609858727161,58,Covington Hwy
1609863212795,99,Covington Hwy
1609866271323,118,Covington Hwy
1609869629066,145,Covington Hwy
1609884806101,229,Covington Hwy
1609892192285,286,Covington Hwy
1609852092633,20,Clairemont East
1609855349777,40,Clairemont East
1609862517950,86,Clairemont East
1609865954001,112,Clairemont East
1609869911076,137,Clairemont East
1609873495790,164,Clairemont East
1609878681864,191,Clairemont East
1609880667816,202,Clairemont East
1609884578728,226,Clairemont East
1609887804234,246,Clairemont East
1609855361705,73,Coralwood
1609862650423,131,Coralwood
1609869882751,206,Coralwood
1609876950174,258,Coralwood
1609884722674,313,Coralwood
1609853888885,57,Candler Park
1609857530852,89,Candler Park
1609864807223,144,Candler Park
1609872293473,203,Candler Park
1609876988349,236,Candler Park
1609884387401,273,Candler Park
1609889436531,307,Candler Park
1609851665615,32,Clarkston Community Center
1609855093284,53,Clarkston Community Center
1609858690646,90,Clarkston Community Center
1609862462793,123,Clarkston Community Center
1609866256357,146,Clarkston Community Center
1609869364108,184,Clarkston Community Center
1609872870211,225,Clarkston Community Center
1609876708789,250,Clarkston Community Center
1609880064949,274,Clarkston Community Center
1609884016225,312,Clarkston Community Center
1609888016895,343,Clarkston Community Center
1609852119417,78,Doraville North
1609855253864,115,Doraville North
1609859022796,164,Doraville North
1609862459539,234,Doraville North
1609866322637,308,Doraville North
1609869834411,386,Doraville North
1609873214417,470,Doraville North
1609877034016,534,Doraville North
1609880744375,595,Doraville North
1609884109607,670,Doraville North
1609887700607,753,Doraville North
1609891261164,806,Doraville North
1609849877018,44,Dresden Elem
1609854508959,90,Dresden Elem
1609859082855,155,Dresden Elem
1609862273903,202,Dresden Elem
1609865610668,269,Dresden Elem
1609873497913,378,Dresden Elem
1609877373446,433,Dresden Elem
1609881438043,502,Dresden Elem
1609884444245,558,Dresden Elem
1609887936380,635,Dresden Elem
1609851561267,18,Decatur
1609855719422,42,Decatur
1609860254392,68,Decatur
1609862521054,80,Decatur
1609866311177,106,Decatur
1609869877530,121,Decatur
1609873271250,130,Decatur
1609877123219,142,Decatur
1609880354035,159,Decatur
1609883993541,174,Decatur
1609887686208,195,Decatur
1609891176356,208,Decatur
1609851559460,24,Dunaire Elem
1609855308714,46,Dunaire Elem
1609858929556,69,Dunaire Elem
1609862910614,99,Dunaire Elem
1609865834900,130,Dunaire Elem
1609870269313,149,Dunaire Elem
1609873860366,170,Dunaire Elem
1609876884396,193,Dunaire Elem
1609880844771,219,Dunaire Elem
1609884619686,246,Dunaire Elem
1609887778642,277,Dunaire Elem
1609848061949,0,Dunwoody
1609852570020,43,Dunwoody
1609855249010,59,Dunwoody
1609858851366,94,Dunwoody
1609862381745,121,Dunwoody
1609866236165,165,Dunwoody
1609869710566,200,Dunwoody
1609873249398,233,Dunwoody
1609876791921,260,Dunwoody
1609880743351,285,Dunwoody
1609884031178,309,Dunwoody
1609887850162,338,Dunwoody
1609891326885,379,Dunwoody
1609851847883,29,Dunwoody 2
1609855958824,56,Dunwoody 2
1609859236120,92,Dunwoody 2
1609863030335,122,Dunwoody 2
1609867201517,159,Dunwoody 2
1609871522796,194,Dunwoody 2
1609874298881,216,Dunwoody 2
1609877750765,243,Dunwoody 2
1609880633366,264,Dunwoody 2
1609884596475,283,Dunwoody 2
1609887894500,303,Dunwoody 2
1609848160226,2,Druid Hills High
1609851677628,35,Druid Hills High
1609855489487,56,Druid Hills High
1609858819523,78,Druid Hills High
1609862434194,106,Druid Hills High
1609866023644,147,Druid Hills High
1609869680521,162,Druid Hills High
1609873383858,174,Druid Hills High
1609876846141,193,Druid Hills High
1609880519539,210,Druid Hills High
1609883965345,233,Druid Hills High
1609887475572,251,Druid Hills High
1609890928552,262,Druid Hills High
1609848170493,18,Dunwoody Library
1609851920029,40,Dunwoody Library
1609855465441,75,Dunwoody Library
1609859191355,116,Dunwoody Library
1609862952141,157,Dunwoody Library
1609867226249,204,Dunwoody Library
1609873797132,239,Dunwoody Library
1609881676058,302,Dunwoody Library
1609884637416,319,Dunwoody Library
1609887800694,336,Dunwoody Library
1609891929006,348,Dunwoody Library
1609848973454,25,East Lake
1609851496485,50,East Lake
1609855325299,75,East Lake
1609858762487,92,East Lake
1609862452239,120,East Lake
1609866435337,147,East Lake
1609869767585,182,East Lake
1609873220676,211,East Lake
1609877015877,247,East Lake
1609880593066,281,East Lake
1609884207105,315,East Lake
1609887828082,356,East Lake
1609891576023,384,East Lake
1609848924415,13,Embry Hills
1609852503803,26,Embry Hills
1609857682255,48,Embry Hills
1609860429707,62,Embry Hills
1609864821319,93,Embry Hills
1609868581932,115,Embry Hills
1609871242670,131,Embry Hills
1609877188784,166,Embry Hills
1609881633395,179,Embry Hills
1609886043656,205,Embry Hills
1609888454025,213,Embry Hills
1609856852140,85,Evansdale Elem
1609887552261,433,Evansdale Elem
1609848512959,0,Emory South
1609851773916,47,Emory South
1609855570405,81,Emory South
1609859300866,123,Emory South
1609862775392,181,Emory South
1609866337265,219,Emory South
1609869785577,258,Emory South
1609869957509,258,Emory South
1609873592017,295,Emory South
1609877070672,333,Emory South
1609880886338,362,Emory South
1609884079537,391,Emory South
1609887996808,430,Emory South
1609891396849,449,Emory South
1609851955969,21,Emory Road
1609855163441,27,Emory Road
1609862804205,37,Emory Road
1609862856279,50,Emory Road
1609866073233,66,Emory Road
1609876075820,85,Emory Road
1609883927775,111,Emory Road
1609891356873,124,Emory Road
1609852310033,67,Fairington Elem
1609856895536,220,Fairington Elem
1609861012747,311,Fairington Elem
1609865432067,373,Fairington Elem
1609869717424,206,Fairington Elem
1609871701757,268,Fairington Elem
1609873195499,230,Fairington Elem
1609877063567,340,Fairington Elem
1609881248982,392,Fairington Elem
1609883970925,435,Fairington Elem
1609891658096,586,Fairington Elem
1609847955598,0,Fernbank Elem
1609851901729,33,Fernbank Elem
1609855305239,62,Fernbank Elem
1609859162227,100,Fernbank Elem
1609862958551,145,Fernbank Elem
1609866673814,180,Fernbank Elem
1609869546594,198,Fernbank Elem
1609873178312,222,Fernbank Elem
1609876780130,249,Fernbank Elem
1609881439855,269,Fernbank Elem
1609883896827,279,Fernbank Elem
1609887762714,288,Fernbank Elem
1609891219434,302,Fernbank Elem
1609857907257,2,Flat Shoals Elem
1609861831507,1,Flat Shoals Elem
1609865990228,1,Flat Shoals Elem
1609870581080,105,Flat Shoals Elem
1609875812467,127,Flat Shoals Elem
1609879528781,143,Flat Shoals Elem
1609883663318,164,Flat Shoals Elem
1609887339286,193,Flat Shoals Elem
1609851646568,26,Flat Shoals Parkway
1609855196624,38,Flat Shoals Parkway
1609858825066,63,Flat Shoals Parkway
1609862308960,79,Flat Shoals Parkway
1609865984150,102,Flat Shoals Parkway
1609873497783,159,Flat Shoals Parkway
1609876794581,177,Flat Shoals Parkway
1609880396295,201,Flat Shoals Parkway
1609883980109,230,Flat Shoals Parkway
1609887595302,280,Flat Shoals Parkway
1609852018742,42,Flat Rock Elem
1609855313199,73,Flat Rock Elem
1609858998559,91,Flat Rock Elem
1609862968015,95,Flat Rock Elem
1609866310827,135,Flat Rock Elem
1609870225740,166,Flat Rock Elem
1609874869897,186,Flat Rock Elem
1609877092469,205,Flat Rock Elem
1609881303573,228,Flat Rock Elem
1609884028696,262,Flat Rock Elem
1609887675344,312,Flat Rock Elem
1609891939317,344,Flat Rock Elem
1609852792938,18,Flat Shoals
1609863087806,59,Flat Shoals
1609865359401,66,Flat Shoals
1609870042720,89,Flat Shoals
1609877939748,119,Flat Shoals
1609885950789,172,Flat Shoals
1609890346090,194,Flat Shoals
1609851806781,13,Flakes Mill Fire Station
1609855418766,19,Flakes Mill Fire Station
1609859049055,33,Flakes Mill Fire Station
1609862968065,47,Flakes Mill Fire Station
1609866730936,60,Flakes Mill Fire Station
1609869812474,63,Flakes Mill Fire Station
1609873731953,80,Flakes Mill Fire Station
1609877128800,85,Flakes Mill Fire Station
1609881341292,108,Flakes Mill Fire Station
1609884730277,120,Flakes Mill Fire Station
1609888054320,140,Flakes Mill Fire Station
1609892038459,156,Flakes Mill Fire Station
1609868066294,84,Flat Shoals Library
1609875616019,129,Flat Shoals Library
1609887929507,225,Flat Shoals Library
1609855740385,63,Freedom Middle
1609862762697,126,Freedom Middle
1609862830296,104,Freedom Middle
1609869505540,190,Freedom Middle
1609876931837,254,Freedom Middle
1609881457692,290,Freedom Middle
1609884228644,314,Freedom Middle
1609893743848,379,Freedom Middle
1609851823100,25,Glennwood
1609855372490,33,Glennwood
1609858943869,46,Glennwood
1609862578676,64,Glennwood
1609869911471,96,Glennwood
1609873518890,116,Glennwood
1609877014787,132,Glennwood
1609880443286,151,Glennwood
1609883857603,164,Glennwood
1609889259020,185,Glennwood
1609853506489,42,Glenhaven
1609855773697,55,Glenhaven
1609861044937,91,Glenhaven
1609866696846,131,Glenhaven
1609870640261,156,Glenhaven
1609873129957,170,Glenhaven
1609880995828,207,Glenhaven
1609883293758,220,Glenhaven
1609886914377,252,Glenhaven
1609852066063,23,Gresham Road
1609855928985,40,Gresham Road
1609863505367,82,Gresham Road
1609866328112,112,Gresham Road
1609873540096,172,Gresham Road
1609877790323,198,Gresham Road
1609881465727,232,Gresham Road
1609884685078,270,Gresham Road
1609853183560,74,Georgetown Sq
1609857036758,98,Georgetown Sq
1609859635229,139,Georgetown Sq
1609862994435,188,Georgetown Sq
1609866401592,235,Georgetown Sq
1609869400393,269,Georgetown Sq
1609873906771,318,Georgetown Sq
1609877395819,364,Georgetown Sq
1609881012956,405,Georgetown Sq
1609885125704,477,Georgetown Sq
1609889554397,527,Georgetown Sq
1609855251239,46,Glenwood Road
1609855295544,45,Glenwood Road
1609858701732,61,Glenwood Road
1609863388104,85,Glenwood Road
1609867551364,104,Glenwood Road
1609870843399,128,Glenwood Road
1609874760674,146,Glenwood Road
1609880955196,179,Glenwood Road
1609884548119,211,Glenwood Road
1609890723408,151,Glenwood Road
1609891615944,261,Glenwood Road
1609851690390,49,Hambrick Elem
1609857680051,110,Hambrick Elem
1609861211448,155,Hambrick Elem
1609864845372,192,Hambrick Elem
1609871532811,264,Hambrick Elem
1609878835017,339,Hambrick Elem
1609881953386,384,Hambrick Elem
1609887769190,464,Hambrick Elem
1609852194551,50,Hawthorne Elem
1609856009967,102,Hawthorne Elem
1609859133721,137,Hawthorne Elem
1609862566448,189,Hawthorne Elem
1609866454923,246,Hawthorne Elem
1609870764730,295,Hawthorne Elem
1609874497404,345,Hawthorne Elem
1609877063587,379,Hawthorne Elem
1609880988433,429,Hawthorne Elem
1609884949346,465,Hawthorne Elem
1609887530015,510,Hawthorne Elem
1609851672787,55,Huntley Hills Elem
1609855172569,105,Huntley Hills Elem
1609858899240,1488,Huntley Hills Elem
1609862287356,203,Huntley Hills Elem
1609865951158,242,Huntley Hills Elem
1609869735300,288,Huntley Hills Elem
1609873109373,329,Huntley Hills Elem
1609876858571,368,Huntley Hills Elem
1609880313537,404,Huntley Hills Elem
1609884002095,453,Huntley Hills Elem
1609887569107,515,Huntley Hills Elem
1609891496874,559,Huntley Hills Elem
1609852119281,32,Hugh Howell
1609855344246,58,Hugh Howell
1609859271663,100,Hugh Howell
1609862837858,133,Hugh Howell
1609867109993,164,Hugh Howell
1609869875030,192,Hugh Howell
1609874890046,236,Hugh Howell
1609877533567,267,Hugh Howell
1609884685244,316,Hugh Howell
1609888047053,339,Hugh Howell
1609852361543,26,Harris-Narvie J Harris Elem
1609855865992,39,Harris-Narvie J Harris Elem
1609859455598,60,Harris-Narvie J Harris Elem
1609863184329,77,Harris-Narvie J Harris Elem
1609866416901,93,Harris-Narvie J Harris Elem
1609870279220,110,Harris-Narvie J Harris Elem
1609874473168,145,Harris-Narvie J Harris Elem
1609877488580,155,Harris-Narvie J Harris Elem
1609881067166,179,Harris-Narvie J Harris Elem
1609884543302,214,Harris-Narvie J Harris Elem
1609888464784,260,Harris-Narvie J Harris Elem
1609848148783,0,Harris-Margaret Harris ED
1609851663342,37,Harris-Margaret Harris ED
1609855267154,55,Harris-Margaret Harris ED
1609858842360,74,Harris-Margaret Harris ED
1609862473410,104,Harris-Margaret Harris ED
1609866056525,122,Harris-Margaret Harris ED
1609869649899,151,Harris-Margaret Harris ED
1609873193485,171,Harris-Margaret Harris ED
1609876838915,189,Harris-Margaret Harris ED
1609880446985,207,Harris-Margaret Harris ED
1609884041307,235,Harris-Margaret Harris ED
1609887610848,263,Harris-Margaret Harris ED
1609891565184,276,Harris-Margaret Harris ED
1609851369798,21,Idlewood Elem
1609855298494,53,Idlewood Elem
1609858885220,79,Idlewood Elem
1609862684911,112,Idlewood Elem
1609866450632,139,Idlewood Elem
1609871398193,182,Idlewood Elem
1609874419579,199,Idlewood Elem
1609878958452,240,Idlewood Elem
1609882269559,268,Idlewood Elem
1609884918489,290,Idlewood Elem
1609888332710,315,Idlewood Elem
1609848534016,7,Indian Creek
1609851173583,13,Indian Creek
1609855179367,25,Indian Creek
1609860048389,51,Indian Creek
1609862618009,66,Indian Creek
1609866500090,84,Indian Creek
1609869552604,108,Indian Creek
1609873102195,128,Indian Creek
1609877483584,163,Indian Creek
1609881421629,185,Indian Creek
1609884263158,202,Indian Creek
1609887427923,226,Indian Creek
1609848241291,0,Jolly Elem
1609851293078,24,Jolly Elem
1609854929164,54,Jolly Elem
1609858190363,80,Jolly Elem
1609863274480,129,Jolly Elem
1609865935682,163,Jolly Elem
1609870307027,199,Jolly Elem
1609874062602,241,Jolly Elem
1609876975513,282,Jolly Elem
1609880609330,339,Jolly Elem
1609885120179,395,Jolly Elem
1609888071121,437,Jolly Elem
1609851645117,30,Kelley Lake Elem
1609855290343,41,Kelley Lake Elem
1609858872256,73,Kelley Lake Elem
1609862507612,100,Kelley Lake Elem
1609866114586,124,Kelley Lake Elem
1609869831825,157,Kelley Lake Elem
1609873324511,187,Kelley Lake Elem
1609876864164,217,Kelley Lake Elem
1609880626645,252,Kelley Lake Elem
1609884230427,289,Kelley Lake Elem
1609887620082,311,Kelley Lake Elem
1609848080648,0,Kingsley Elem
1609849196438,24,Kingsley Elem
1609851631773,51,Kingsley Elem
1609851653836,42,Kingsley Elem
1609853023977,57,Kingsley Elem
1609855179676,78,Kingsley Elem
1609855370081,80,Kingsley Elem
1609858966629,129,Kingsley Elem
1609862502848,173,Kingsley Elem
1609866009005,235,Kingsley Elem
1609869667433,262,Kingsley Elem
1609873124806,288,Kingsley Elem
1609876668741,315,Kingsley Elem
1609880391587,351,Kingsley Elem
1609884004659,378,Kingsley Elem
1609887566492,408,Kingsley Elem
1609891251952,427,Kingsley Elem
1609851742864,7,Kelley Chapel Road
1609855374541,20,Kelley Chapel Road
1609859112250,32,Kelley Chapel Road
1609862730158,45,Kelley Chapel Road
1609866048477,57,Kelley Chapel Road
1609870083571,79,Kelley Chapel Road
1609873427292,94,Kelley Chapel Road
1609876965775,105,Kelley Chapel Road
1609880446173,124,Kelley Chapel Road
1609884316254,138,Kelley Chapel Road
1609887865272,160,Kelley Chapel Road
1609891281365,177,Kelley Chapel Road
1609852075563,40,Knollwood
1609855627318,58,Knollwood
1609859130551,86,Knollwood
1609862777156,118,Knollwood
1609866429603,146,Knollwood
1609869637859,171,Knollwood
1609873671518,205,Knollwood
1609876905982,227,Knollwood
1609880562849,260,Knollwood
1609887757147,348,Knollwood
1609857292881,93,Kittredge Elem
1609858498022,104,Kittredge Elem
1609860259121,126,Kittredge Elem
1609861109939,135,Kittredge Elem
1609864013572,156,Kittredge Elem
1609866859829,177,Kittredge Elem
1609870053815,200,Kittredge Elem
1609873094124,218,Kittredge Elem
1609875140449,235,Kittredge Elem
1609878087469,258,Kittredge Elem
1609882828762,282,Kittredge Elem
1609884602110,290,Kittredge Elem
1609887383061,308,Kittredge Elem
1609889149099,314,Kittredge Elem
1609848166483,0,Lakeside High
1609851650154,56,Lakeside High
1609855177910,108,Lakeside High
1609858622934,152,Lakeside High
1609862554712,212,Lakeside High
1609865991247,260,Lakeside High
1609873475882,353,Lakeside High
1609876517512,375,Lakeside High
1609880749048,433,Lakeside High
1609883554046,454,Lakeside High
1609887295438,497,Lakeside High
1609891371031,516,Lakeside High
1609855320916,67,Lavista Road
1609862464141,138,Lavista Road
1609869613586,203,Lavista Road
1609877301659,248,Lavista Road
1609883978741,298,Lavista Road
1609891225487,327,Lavista Road
1609849512495,14,Lavista
1609852024253,39,Lavista
1609856170829,78,Lavista
1609859753995,102,Lavista
1609887353013,372,Lavista
1609855255254,35,Lithonia
1609862567055,78,Lithonia
1609869243596,115,Lithonia
1609876476086,152,Lithonia
1609884144411,209,Lithonia
1609851845909,40,Lin-Mary Lin Elem
1609856546060,65,Lin-Mary Lin Elem
1609862342725,108,Lin-Mary Lin Elem
1609871741594,173,Lin-Mary Lin Elem
1609875342601,211,Lin-Mary Lin Elem
1609878627171,233,Lin-Mary Lin Elem
1609880591832,244,Lin-Mary Lin Elem
1609888603111,283,Lin-Mary Lin Elem
1609851601181,37,Lithonia High
1609855257449,54,Lithonia High
1609859353099,93,Lithonia High
1609862246437,108,Lithonia High
1609867909996,149,Lithonia High
1609869724149,173,Lithonia High
1609873975436,205,Lithonia High
1609881199769,257,Lithonia High
1609885092337,319,Lithonia High
1609887699045,369,Lithonia High
1609851801660,20,Livsey Elem
1609855314558,38,Livsey Elem
1609859164510,59,Livsey Elem
1609862540634,81,Livsey Elem
1609866095177,101,Livsey Elem
1609869844741,117,Livsey Elem
1609873581494,137,Livsey Elem
1609876992363,152,Livsey Elem
1609880787012,177,Livsey Elem
1609884329673,202,Livsey Elem
1609887758139,213,Livsey Elem
1609892198681,222,Livsey Elem
1609851944483,43,Miller-Eldridge L Miller Elem
1609855142680,68,Miller-Eldridge L Miller Elem
1609859409550,95,Miller-Eldridge L Miller Elem
1609862408791,113,Miller-Eldridge L Miller Elem
1609867063688,151,Miller-Eldridge L Miller Elem
1609869673452,169,Miller-Eldridge L Miller Elem
1609873771550,194,Miller-Eldridge L Miller Elem
1609876687633,215,Miller-Eldridge L Miller Elem
1609880685239,234,Miller-Eldridge L Miller Elem
1609884323614,280,Miller-Eldridge L Miller Elem
1609887700140,320,Miller-Eldridge L Miller Elem
1609851971399,35,Candler-Murphey Candler Elem
1609855613331,55,Candler-Murphey Candler Elem
1609858716105,88,Candler-Murphey Candler Elem
1609862546334,130,Candler-Murphey Candler Elem
1609865897241,152,Candler-Murphey Candler Elem
1609870139004,185,Candler-Murphey Candler Elem
1609877398859,255,Candler-Murphey Candler Elem
1609880605054,284,Candler-Murphey Candler Elem
1609884206621,331,Candler-Murphey Candler Elem
1609887844454,373,Candler-Murphey Candler Elem
1609854227472,61,Marbut Elem
1609862452207,116,Marbut Elem
1609870115934,190,Marbut Elem
1609878256110,260,Marbut Elem
1609885283179,330,Marbut Elem
1609892960571,416,Marbut Elem
1609852379399,47,McLendon
1609855424721,90,McLendon
1609858944305,112,McLendon
1609862469626,142,McLendon
1609867311706,204,McLendon
1609869843485,222,McLendon
1609873652752,255,McLendon
1609879179018,306,McLendon
1609881559058,326,McLendon
1609884653598,366,McLendon
1609888151788,409,McLendon
1609851953695,69,McWilliams
1609855965133,116,McWilliams
1609860482959,175,McWilliams
1609867960095,274,McWilliams
1609870449725,314,McWilliams
1609873112239,351,McWilliams
1609876944714,397,McWilliams
1609880581181,449,McWilliams
1609884245235,514,McWilliams
1609887799655,581,McWilliams
1609891604903,648,McWilliams
1609895814934,674,McWilliams
1609851638592,44,Medlock
1609855347164,72,Medlock
1609858813672,92,Medlock
1609862419484,129,Medlock
1609866089991,165,Medlock
1609869862833,199,Medlock
1609874142884,238,Medlock
1609876865180,259,Medlock
1609880504302,288,Medlock
1609884064354,308,Medlock
1609887719769,334,Medlock
1609891368625,343,Medlock
1609892430600,342,Medlock
1609852260441,50,Midvale Elem
1609855287996,90,Midvale Elem
1609859038874,133,Midvale Elem
1609863718672,192,Midvale Elem
1609866291769,239,Midvale Elem
1609873650294,316,Midvale Elem
1609877348359,346,Midvale Elem
1609881046549,379,Midvale Elem
1609884227300,404,Midvale Elem
1609888026719,442,Midvale Elem
1609849885536,17,Montclair Elem
1609851245931,28,Montclair Elem
1609853619165,48,Montclair Elem
1609855709434,59,Montclair Elem
1609857287752,73,Montclair Elem
1609859495747,87,Montclair Elem
1609862304386,114,Montclair Elem
1609864128937,131,Montclair Elem
1609866276313,147,Montclair Elem
1609867923239,156,Montclair Elem
1609869670076,168,Montclair Elem
1609871304566,193,Montclair Elem
1609872765233,202,Montclair Elem
1609875034913,210,Montclair Elem
1609876402847,221,Montclair Elem
1609879611723,241,Montclair Elem
1609881677090,249,Montclair Elem
1609883405918,274,Montclair Elem
1609884823368,282,Montclair Elem
1609887475338,307,Montclair Elem
1609889571267,330,Montclair Elem
1609890256432,334,Montclair Elem
1609852071866,39,Montreal
1609852587362,45,Memorial South
1609855365439,63,Memorial South
1609859001801,85,Memorial South
1609862690650,109,Memorial South
1609867200764,149,Memorial South
1609870798067,174,Memorial South
1609873399338,206,Memorial South
1609877216268,229,Memorial South
1609880800999,270,Memorial South
1609884906719,311,Memorial South
1609888480736,366,Memorial South
1609848943731,18,McNair Academy
1609850374227,39,McNair Academy
1609851552473,49,McNair Academy
1609853864820,65,McNair Academy
1609855320522,80,McNair Academy
1609857730744,102,McNair Academy
1609859231935,113,McNair Academy
1609860647280,127,McNair Academy
1609862833382,146,McNair Academy
1609864261184,164,McNair Academy
1609866942255,191,McNair Academy
1609868361054,210,McNair Academy
1609869933449,232,McNair Academy
1609871798402,258,McNair Academy
1609875503746,289,McNair Academy
1609877000649,301,McNair Academy
1609879019020,323,McNair Academy
1609880840368,349,McNair Academy
1609884453461,394,McNair Academy
1609886086931,417,McNair Academy
1609887748561,440,McNair Academy
1609889769684,470,McNair Academy
1609891603052,481,McNair Academy
1609848851349,15,Mount Vernon East
1609851397665,47,Mount Vernon East
1609855259705,84,Mount Vernon East
1609859051479,149,Mount Vernon East
1609862419196,199,Mount Vernon East
1609866336969,256,Mount Vernon East
1609869618887,288,Mount Vernon East
1609872818814,317,Mount Vernon East
1609876769730,353,Mount Vernon East
1609880557688,400,Mount Vernon East
1609883799884,429,Mount Vernon East
1609887582762,457,Mount Vernon East
1609891379353,477,Mount Vernon East
1609851897852,27,Mathis-Bob Mathis Elem
1609856149722,47,Mathis-Bob Mathis Elem
1609859594548,62,Mathis-Bob Mathis Elem
1609862704286,81,Mathis-Bob Mathis Elem
1609869750992,119,Mathis-Bob Mathis Elem
1609873590611,139,Mathis-Bob Mathis Elem
1609877708810,151,Mathis-Bob Mathis Elem
1609880771615,172,Mathis-Bob Mathis Elem
1609884480777,214,Mathis-Bob Mathis Elem
1609888076882,235,Mathis-Bob Mathis Elem
1609891842119,252,Mathis-Bob Mathis Elem
1609851920846,26,Mount Vernon West
1609855382369,51,Mount Vernon West
1609859148999,71,Mount Vernon West
1609862585625,99,Mount Vernon West
1609866405348,127,Mount Vernon West
1609870138778,150,Mount Vernon West
1609873554567,169,Mount Vernon West
1609877043459,192,Mount Vernon West
1609880719266,215,Mount Vernon West
1609884274378,239,Mount Vernon West
1609888038779,268,Mount Vernon West
1609891526350,279,Mount Vernon West
1609848990556,15,Metropolitan
1609851742716,28,Metropolitan
1609855333959,65,Metropolitan
1609859464185,86,Metropolitan
1609862452070,123,Metropolitan
1609866109315,152,Metropolitan
1609869715974,175,Metropolitan
1609873615083,202,Metropolitan
1609877021438,230,Metropolitan
1609880354528,248,Metropolitan
1609884115154,280,Metropolitan
1609887679906,301,Metropolitan
1609891291931,322,Metropolitan
1609851907916,47,Montgomery Elem
1609855219303,86,Montgomery Elem
1609859950036,142,Montgomery Elem
1609862763978,174,Montgomery Elem
1609866013671,212,Montgomery Elem
1609869850357,244,Montgomery Elem
1609873412995,280,Montgomery Elem
1609876577462,320,Montgomery Elem
1609880977687,364,Montgomery Elem
1609884720823,390,Montgomery Elem
1609887744347,408,Montgomery Elem
1609852384789,33,Miller Grove Road
1609857843563,57,Miller Grove Road
1609860875733,83,Miller Grove Road
1609864161271,100,Miller Grove Road
1609867994150,120,Miller Grove Road
1609872058751,141,Miller Grove Road
1609875223326,161,Miller Grove Road
1609878905470,183,Miller Grove Road
1609882592323,206,Miller Grove Road
1609886108431,231,Miller Grove Road
1609889932183,254,Miller Grove Road
1609855275753,133,Midvale Road
1609864849355,202,Midvale Road
1609866418943,333,Midvale Road
1609869689564,393,Midvale Road
1609884186068,613,Midvale Road
1609855252723,96,Miller Grove High
1609863426170,182,Miller Grove High
1609869874733,258,Miller Grove High
1609876688348,359,Miller Grove High
1609886225642,502,Miller Grove High
1609891727685,628,Miller Grove High
1609848319632,4,North Hairston
1609851696050,26,North Hairston
1609855270850,49,North Hairston
1609863856039,89,North Hairston
1609866079188,109,North Hairston
1609869780280,141,North Hairston
1609874070511,159,North Hairston
1609876937450,175,North Hairston
1609880972123,211,North Hairston
1609887653630,268,North Hairston
1609852771602,40,Northlake
1609859225200,98,Northlake
1609864710376,133,Northlake
1609869041921,171,Northlake
1609879281286,222,Northlake
1609851844944,30,North Peachtree
1609855327772,54,North Peachtree
1609858836645,80,North Peachtree
1609862397392,107,North Peachtree
1609866064099,132,North Peachtree
1609869651767,160,North Peachtree
1609873539111,182,North Peachtree
1609876844136,197,North Peachtree
1609881036810,220,North Peachtree
1609887481382,256,North Peachtree
1609851945602,41,Oak Grove Elem
1609855495949,76,Oak Grove Elem
1609859051316,122,Oak Grove Elem
1609862765055,154,Oak Grove Elem
1609866261688,191,Oak Grove Elem
1609870829339,234,Oak Grove Elem
1609875249773,275,Oak Grove Elem
1609877441845,295,Oak Grove Elem
1609885362726,364,Oak Grove Elem
1609848082553,2,Oakcliff Elem
1609851602790,34,Oakcliff Elem
1609855444635,67,Oakcliff Elem
1609858836469,85,Oakcliff Elem
1609862885338,131,Oakcliff Elem
1609866710554,160,Oakcliff Elem
1609870090444,192,Oakcliff Elem
1609873499893,222,Oakcliff Elem
1609877182584,252,Oakcliff Elem
1609880897959,289,Oakcliff Elem
1609884176052,323,Oakcliff Elem
1609887816488,356,Oakcliff Elem
1609896144941,389,Oakcliff Elem
1609848562814,10,Oakhurst
1609849176799,15,Oakhurst
1609853084849,36,Oakhurst
1609856703498,50,Oakhurst
1609860492911,75,Oakhurst
1609863966066,95,Oakhurst
1609868234569,122,Oakhurst
1609872038689,136,Oakhurst
1609875601954,163,Oakhurst
1609878598687,178,Oakhurst
1609882319297,185,Oakhurst
1609885557476,207,Oakhurst
1609889132886,234,Oakhurst
1609856877423,78,Oak View Elem
1609881238537,303,Oak View Elem
1609848291822,0,Peachcrest
1609855343930,76,Peachcrest
1609862797872,150,Peachcrest
1609870014261,237,Peachcrest
1609876804691,309,Peachcrest
1609884170566,420,Peachcrest
1609855535146,54,Peachtree Middle
1609858766995,91,Peachtree Middle
1609862506226,118,Peachtree Middle
1609866896820,154,Peachtree Middle
1609870223180,196,Peachtree Middle
1609873679144,242,Peachtree Middle
1609877684837,287,Peachtree Middle
1609881501336,332,Peachtree Middle
1609884604254,375,Peachtree Middle
1609890626052,450,Peachtree Middle
1609851385393,26,Princeton Elem
1609858299726,62,Princeton Elem
1609862156943,81,Princeton Elem
1609865762823,96,Princeton Elem
1609869481577,109,Princeton Elem
1609872867606,123,Princeton Elem
1609876186167,135,Princeton Elem
1609880263840,163,Princeton Elem
1609883954819,188,Princeton Elem
1609887564814,224,Princeton Elem
1609890345703,251,Princeton Elem
1609855558498,59,Pine Lake
1609862583761,104,Pine Lake
1609869970403,163,Pine Lake
1609876844317,200,Pine Lake
1609884097059,253,Pine Lake
1609851923672,54,Pleasantdale Road
1609855894060,100,Pleasantdale Road
1609859117818,130,Pleasantdale Road
1609862810447,170,Pleasantdale Road
1609866544229,215,Pleasantdale Road
1609869948281,266,Pleasantdale Road
1609873410383,300,Pleasantdale Road
1609877131016,357,Pleasantdale Road
1609880868479,401,Pleasantdale Road
1609885332053,467,Pleasantdale Road
1609888296675,549,Pleasantdale Road
1609848120346,0,Ponce de Leon
1609851588352,25,Ponce de Leon
1609855622579,44,Ponce de Leon
1609859456363,62,Ponce de Leon
1609862516056,76,Ponce de Leon
1609866325322,97,Ponce de Leon
1609869649149,117,Ponce de Leon
1609873362290,132,Ponce de Leon
1609880493725,169,Ponce de Leon
1609884485357,192,Ponce de Leon
1609887886427,217,Ponce de Leon
1609848035822,2,Panola
1609851656157,20,Panola
1609855259600,34,Panola
1609858862699,54,Panola
1609862561945,71,Panola
1609866068150,83,Panola
1609869637068,94,Panola
1609873270778,108,Panola
1609876882809,119,Panola
1609880506047,137,Panola
1609884046538,147,Panola
1609887627670,158,Panola
1609891280764,175,Panola
1609855017366,37,Panola Way Elem
1609859061309,50,Panola Way Elem
1609862527827,64,Panola Way Elem
1609866190632,81,Panola Way Elem
1609870515487,106,Panola Way Elem
1609873328638,131,Panola Way Elem
1609877131260,155,Panola Way Elem
1609880590716,174,Panola Way Elem
1609884196102,192,Panola Way Elem
1609887660103,221,Panola Way Elem
1609857121804,77,Piney Grove
1609865268854,186,Piney Grove
1609851778671,34,Rainbow Elem
1609855306011,23,Rainbow Elem
1609859155858,29,Rainbow Elem
1609862577030,30,Rainbow Elem
1609866118778,42,Rainbow Elem
1609869806536,33,Rainbow Elem
1609873399901,35,Rainbow Elem
1609877063427,28,Rainbow Elem
1609880614241,23,Rainbow Elem
1609884124487,25,Rainbow Elem
1609887708339,35,Rainbow Elem
1609891396808,28,Rainbow Elem
1609851401400,37,Redan Elem
1609862603616,92,Redan Elem
1609866471520,108,Redan Elem
1609869530353,126,Redan Elem
1609876765392,185,Redan Elem
1609881191111,213,Redan Elem
1609884474416,241,Redan Elem
1609887661571,261,Redan Elem
1609893191819,288,Redan Elem
1609852134642,25,Rehoboth
1609855397897,38,Rehoboth
1609859457421,51,Rehoboth
1609862468012,73,Rehoboth
1609866065611,96,Rehoboth
1609869506618,125,Rehoboth
1609873156098,145,Rehoboth
1609877190021,168,Rehoboth
1609880346106,179,Rehoboth
1609884493189,200,Rehoboth
1609887657506,229,Rehoboth
1609852464908,34,Rockbridge Elem
1609857929293,56,Rockbridge Elem
1609863275829,123,Rockbridge Elem
1609867271200,164,Rockbridge Elem
1609870309249,203,Rockbridge Elem
1609874786441,252,Rockbridge Elem
1609878080779,286,Rockbridge Elem
1609882205968,334,Rockbridge Elem
1609886182607,377,Rockbridge Elem
1609852057550,26,Rock Chapel Elem
1609858702997,61,Rock Chapel Elem
1609874666598,175,Rock Chapel Elem
1609882056938,228,Rock Chapel Elem
1609851959447,31,Rowland Elem
1609855566963,64,Rowland Elem
1609858949145,94,Rowland Elem
1609862653715,132,Rowland Elem
1609866157967,171,Rowland Elem
1609877083929,259,Rowland Elem
1609880538299,287,Rowland Elem
1609884886083,337,Rowland Elem
1609887757774,369,Rowland Elem
1609891624460,410,Rowland Elem
1609851683396,37,Redan-Trotti Library
1609855208291,64,Redan-Trotti Library
1609858517875,94,Redan-Trotti Library
1609862715697,109,Redan-Trotti Library
1609866147293,134,Redan-Trotti Library
1609869958025,159,Redan-Trotti Library
1609873397632,178,Redan-Trotti Library
1609878333524,209,Redan-Trotti Library
1609880813864,225,Redan-Trotti Library
1609884966607,270,Redan-Trotti Library
1609888383997,308,Redan-Trotti Library
1609891522135,340,Redan-Trotti Library
1609855427254,88,Rockbridge Road
1609862604741,138,Rockbridge Road
1609870195747,205,Rockbridge Road
1609877028162,257,Rockbridge Road
1609884007815,325,Rockbridge Road
1609891753489,422,Rockbridge Road
1609855083697,58,Rowland Road
1609858829094,73,Rowland Road
1609858858987,83,Rowland Road
1609869495538,146,Rowland Road
1609873161308,170,Rowland Road
1609876820453,193,Rowland Road
1609880342576,213,Rowland Road
1609883921966,244,Rowland Road
1609887204222,268,Rowland Road
1609852122439,25,Redan Road
1609855632031,40,Redan Road
1609858808601,51,Redan Road
1609862439849,83,Redan Road
1609866722888,109,Redan Road
1609870863497,133,Redan Road
1609873289699,143,Redan Road
1609876833658,169,Redan Road
1609880656463,196,Redan Road
1609883936904,221,Redan Road
1609887948450,259,Redan Road
1609891379031,278,Redan Road
1609854961911,46,Rock Chapel Road
1609855179055,41,Rock Chapel Road
1609862247881,81,Rock Chapel Road
1609870281501,130,Rock Chapel Road
1609876763083,168,Rock Chapel Road
1609884447388,240,Rock Chapel Road
1609851782312,15,Redan Middle
1609856410413,30,Redan Middle
1609858855447,44,Redan Middle
1609862998806,60,Redan Middle
1609867325019,83,Redan Middle
1609869625769,95,Redan Middle
1609873621654,123,Redan Middle
1609877948266,147,Redan Middle
1609881662083,166,Redan Middle
1609884321733,180,Redan Middle
1609887648922,204,Redan Middle
1609891499525,225,Redan Middle
1609855220785,84,Sagamore Hills Elem
1609859058360,121,Sagamore Hills Elem
1609862424845,179,Sagamore Hills Elem
1609866043760,219,Sagamore Hills Elem
1609869560864,268,Sagamore Hills Elem
1609873146822,294,Sagamore Hills Elem
1609876920508,326,Sagamore Hills Elem
1609880554516,380,Sagamore Hills Elem
1609884210811,403,Sagamore Hills Elem
1609887554194,433,Sagamore Hills Elem
1609891374292,461,Sagamore Hills Elem
1609848193293,0,Scott
1609851724295,48,Scott
1609856001314,96,Scott
1609858849236,131,Scott
1609863948487,194,Scott
1609870250643,255,Scott
1609873600271,281,Scott
1609878822834,237,Scott
1609885515965,448,Scott
1609887959127,483,Scott
1609848177344,0,Shaw-Robert Shaw Elem
1609864528254,146,Shaw-Robert Shaw Elem
1609866262514,162,Shaw-Robert Shaw Elem
1609867930803,175,Shaw-Robert Shaw Elem
1609870199967,193,Shaw-Robert Shaw Elem
1609872391550,212,Shaw-Robert Shaw Elem
1609873753367,218,Shaw-Robert Shaw Elem
1609875874697,232,Shaw-Robert Shaw Elem
1609877871353,247,Shaw-Robert Shaw Elem
1609878986191,262,Shaw-Robert Shaw Elem
1609881426523,279,Shaw-Robert Shaw Elem
1609882995929,299,Shaw-Robert Shaw Elem
1609884684159,316,Shaw-Robert Shaw Elem
1609886558398,335,Shaw-Robert Shaw Elem
1609888047506,354,Shaw-Robert Shaw Elem
1609889504227,367,Shaw-Robert Shaw Elem
1609891857901,378,Shaw-Robert Shaw Elem
1609848136774,0,Stone Mountain Elem
1609851667599,27,Stone Mountain Elem
1609869547054,122,Stone Mountain Elem
1609873188215,144,Stone Mountain Elem
1609876810484,162,Stone Mountain Elem
1609880408302,176,Stone Mountain Elem
1609884010300,191,Stone Mountain Elem
1609887606417,213,Stone Mountain Elem
1609891340947,228,Stone Mountain Elem
1609891433677,229,Stone Mountain Elem
1609851693705,76,Silver Lake
1609855312839,137,Silver Lake
1609855678820,140,Silver Lake
1609858985181,190,Silver Lake
1609862511023,250,Silver Lake
1609866163249,331,Silver Lake
1609869905564,388,Silver Lake
1609873387407,425,Silver Lake
1609876968579,472,Silver Lake
1609880627235,524,Silver Lake
1609884152911,583,Silver Lake
1609887919365,659,Silver Lake
1609891499359,692,Silver Lake
1609851947744,56,Skyland
1609855054943,108,Skyland
1609858928400,156,Skyland
1609862892732,193,Skyland
1609866431263,246,Skyland
1609870088428,277,Skyland
1609873676951,301,Skyland
1609876862628,324,Skyland
1609880683738,363,Skyland
1609884157813,390,Skyland
1609887708589,423,Skyland
1609891304130,435,Skyland
1609852524319,28,Snapfinger Elem
1609855260628,36,Snapfinger Elem
1609859069788,56,Snapfinger Elem
1609862869061,68,Snapfinger Elem
1609865715840,84,Snapfinger Elem
1609869651080,104,Snapfinger Elem
1609881413817,156,Snapfinger Elem
1609886087759,186,Snapfinger Elem
1609889905665,202,Snapfinger Elem
1609891471520,207,Snapfinger Elem
1609853478376,34,Smoke Rise
1609856672662,53,Smoke Rise
1609859180610,83,Smoke Rise
1609863522851,137,Smoke Rise
1609866326934,172,Smoke Rise
1609870131615,195,Smoke Rise
1609873783286,222,Smoke Rise
1609877302948,262,Smoke Rise
1609881913448,289,Smoke Rise
1609851767102,23,Stone Mtn Middle
1609855740988,50,Stone Mtn Middle
1609859137340,72,Stone Mtn Middle
1609862701013,83,Stone Mtn Middle
1609866281060,111,Stone Mtn Middle
1609870013117,135,Stone Mtn Middle
1609874155400,160,Stone Mtn Middle
1609876975741,188,Stone Mtn Middle
1609884399869,249,Stone Mtn Middle
1609887866262,290,Stone Mtn Middle
1609891686851,323,Stone Mtn Middle
1609848415306,5,Stone Mill Elem
1609852224546,39,Stone Mill Elem
1609855237466,48,Stone Mill Elem
1609855351743,54,Stone Mill Elem
1609858802789,64,Stone Mill Elem
1609862370087,86,Stone Mill Elem
1609864595965,115,Stone Mill Elem
1609866047939,105,Stone Mill Elem
1609871363352,176,Stone Mill Elem
1609874977373,209,Stone Mill Elem
1609879754468,256,Stone Mill Elem
1609883124434,301,Stone Mill Elem
1609887709230,360,Stone Mill Elem
1609849448768,25,Shadow Rock Elem
1609851298496,39,Shadow Rock Elem
1609851454659,46,Shadow Rock Elem
1609853526687,59,Shadow Rock Elem
1609854935404,68,Shadow Rock Elem
1609855428207,71,Shadow Rock Elem
1609857242121,87,Shadow Rock Elem
1609858702973,99,Shadow Rock Elem
1609858835162,97,Shadow Rock Elem
1609860669197,113,Shadow Rock Elem
1609862696413,129,Shadow Rock Elem
1609862818455,138,Shadow Rock Elem
1609865680560,161,Shadow Rock Elem
1609870581822,197,Shadow Rock Elem
1609873301923,215,Shadow Rock Elem
1609877170595,241,Shadow Rock Elem
1609880535703,263,Shadow Rock Elem
1609884064714,283,Shadow Rock Elem
1609888202256,328,Shadow Rock Elem
1609851746034,21,Stoneview Elem
1609856045138,37,Stoneview Elem
1609858741303,48,Stoneview Elem
1609863407275,63,Stoneview Elem
1609866144586,71,Stoneview Elem
1609869926033,92,Stoneview Elem
1609874419930,121,Stoneview Elem
1609876914474,132,Stoneview Elem
1609880343513,153,Stoneview Elem
1609884430515,171,Stoneview Elem
1609887640191,197,Stoneview Elem
1609892503952,215,Stoneview Elem
1609853011274,41,Salem Middle
1609855503394,61,Salem Middle
1609858861065,86,Salem Middle
1609863414431,115,Salem Middle
1609866822663,137,Salem Middle
1609869733316,157,Salem Middle
1609873977037,190,Salem Middle
1609877406649,205,Salem Middle
1609880968817,223,Salem Middle
1609886404619,292,Salem Middle
1609888261160,309,Salem Middle
1609848290977,1,South Deshon
1609849475069,18,South Deshon
1609851620209,26,South Deshon
1609855498027,49,South Deshon
1609858837438,74,South Deshon
1609862426595,96,South Deshon
1609866482521,124,South Deshon
1609866581642,124,South Deshon
1609869576885,156,South Deshon
1609873422879,180,South Deshon
1609876988452,222,South Deshon
1609880611409,255,South Deshon
1609883938689,286,South Deshon
1609887720418,328,South Deshon
1609889527067,352,South Deshon
1609891193731,365,South Deshon
1609851901406,62,Stone Mtn Champion
1609855868925,118,Stone Mtn Champion
1609862718086,212,Stone Mtn Champion
1609866303114,229,Stone Mtn Champion
1609884874328,538,Stone Mtn Champion
1609851963389,26,Snapfinger Road N
1609855316864,51,Snapfinger Road N
1609859316899,75,Snapfinger Road N
1609862501806,95,Snapfinger Road N
1609866412288,115,Snapfinger Road N
1609874482440,159,Snapfinger Road N
1609877186467,181,Snapfinger Road N
1609888404489,301,Snapfinger Road N
1609848718268,12,Snapfinger Road S
1609852749087,24,Snapfinger Road S
1609855792223,34,Snapfinger Road S
1609860158528,56,Snapfinger Road S
1609863103117,67,Snapfinger Road S
1609866906959,90,Snapfinger Road S
1609870410082,111,Snapfinger Road S
1609874672606,136,Snapfinger Road S
1609877778744,143,Snapfinger Road S
1609882169902,168,Snapfinger Road S
1609884974160,188,Snapfinger Road S
1609888756947,216,Snapfinger Road S
1609855322451,51,Stephenson Middle
1609869984982,182,Stephenson Middle
1609877366738,248,Stephenson Middle
1609884382753,312,Stephenson Middle
1609891552250,410,Stephenson Middle
1609852535270,27,South Hairston
1609855102191,48,South Hairston
1609859217062,81,South Hairston
1609866048675,142,South Hairston
1609872681966,205,South Hairston
1609851983576,35,Stephenson High
1609855361985,62,Stephenson High
1609858858459,83,Stephenson High
1609866101214,136,Stephenson High
1609870699918,165,Stephenson High
1609873978397,192,Stephenson High
1609876945466,220,Stephenson High
1609880636600,247,Stephenson High
1609884283807,302,Stephenson High
1609887610058,333,Stephenson High
1609855408871,54,Stonecrest Library
1609862927972,94,Stonecrest Library
1609872253641,134,Stonecrest Library
1609882323700,200,Stonecrest Library
1609884671186,219,Stonecrest Library
1609852101987,28,Snapfinger Road
1609855428402,41,Snapfinger Road
1609859006215,61,Snapfinger Road
1609862827687,90,Snapfinger Road
1609867289949,120,Snapfinger Road
1609870137476,144,Snapfinger Road
1609873742954,168,Snapfinger Road
1609877475212,197,Snapfinger Road
1609880785762,219,Snapfinger Road
1609883910059,265,Snapfinger Road
1609887498700,311,Snapfinger Road
1609851858221,24,Toney Elem
1609855992596,44,Toney Elem
1609858917581,52,Toney Elem
1609862826652,66,Toney Elem
1609866619065,75,Toney Elem
1609869935737,91,Toney Elem
1609873403492,111,Toney Elem
1609876926087,119,Toney Elem
1609880648790,138,Toney Elem
1609884165418,156,Toney Elem
1609887629320,180,Toney Elem
1609891263713,202,Toney Elem
1609866515723,107,Tucker
1609873402169,165,Tucker
1609882861905,217,Tucker
1609887832397,280,Tucker
1609851771433,24,Tilly Mill Road
1609855598920,55,Tilly Mill Road
1609858946609,76,Tilly Mill Road
1609862642769,110,Tilly Mill Road
1609866301832,143,Tilly Mill Road
1609873624365,197,Tilly Mill Road
1609877058602,218,Tilly Mill Road
1609884216949,257,Tilly Mill Road
1609887794914,277,Tilly Mill Road
1609891634376,289,Tilly Mill Road
1609852305207,40,Tucker Library
1609856168501,83,Tucker Library
1609859616667,107,Tucker Library
1609862742328,140,Tucker Library
1609868120769,192,Tucker Library
1609875399414,254,Tucker Library
1609877976037,285,Tucker Library
1609884107462,348,Tucker Library
1609888561184,377,Tucker Library
1609891773273,391,Tucker Library
1609851579940,56,Valley Brook
1609855282483,100,Valley Brook
1609858916041,155,Valley Brook
1609862321864,187,Valley Brook
1609865943260,225,Valley Brook
1609869629797,269,Valley Brook
1609873163036,308,Valley Brook
1609876802550,343,Valley Brook
1609880773662,376,Valley Brook
1609883959702,413,Valley Brook
1609887893629,436,Valley Brook
1609891576695,451,Valley Brook
1609851909860,33,Wadsworth
1609855812549,60,Wadsworth
1609859592162,88,Wadsworth
1609863189606,126,Wadsworth
1609866524935,162,Wadsworth
1609870611737,187,Wadsworth
1609874761283,230,Wadsworth
1609877328671,259,Wadsworth
1609880981249,289,Wadsworth
1609884809598,338,Wadsworth
1609888009754,367,Wadsworth
1609892082896,391,Wadsworth
1609851552088,30,Wesley Chapel Library
1609856313977,48,Wesley Chapel Library
1609859071960,72,Wesley Chapel Library
1609861377998,80,Wesley Chapel Library
1609862594581,99,Wesley Chapel Library
1609865998563,113,Wesley Chapel Library
1609867473554,120,Wesley Chapel Library
1609871713727,155,Wesley Chapel Library
1609873790364,163,Wesley Chapel Library
1609877701313,186,Wesley Chapel Library
1609880992266,212,Wesley Chapel Library
1609882630920,225,Wesley Chapel Library
1611068462069,0,Wesley Chapel Library
1611082978945,1,Wesley Chapel Library
1611093789566,4,Wesley Chapel Library
1611154958739,3,Wesley Chapel Library
1611162125562,8,Wesley Chapel Library
1611169994365,9,Wesley Chapel Library
1611180057072,10,Wesley Chapel Library
1611241304244,12,Wesley Chapel Library
1611250493062,15,Wesley Chapel Library
1611255932833,1,Wesley Chapel Library
1611266512743,17,Wesley Chapel Library
1611327563155,0,Wesley Chapel Library
1611335302388,21,Wesley Chapel Library
1611342415293,25,Wesley Chapel Library
1611352895543,29,Wesley Chapel Library
1609851762120,37,Woodrow Road
1609856393132,59,Woodrow Road
1609859904470,87,Woodrow Road
1609862550367,105,Woodrow Road
1609866383771,130,Woodrow Road
1609871112121,170,Woodrow Road
1609877154332,202,Woodrow Road
1609882048560,242,Woodrow Road
1609887826259,298,Woodrow Road
1609851717896,13,Winnona Park
1609855642521,22,Winnona Park
1609858957125,36,Winnona Park
1609862827431,50,Winnona Park
1609866093239,60,Winnona Park
1609869697674,69,Winnona Park
1609873412761,81,Winnona Park
1609877160284,95,Winnona Park
1609880764610,111,Winnona Park
1609884716323,129,Winnona Park
1609887861336,139,Winnona Park
1609851777918,26,Woodridge Elem
1609853827677,44,Woodridge Elem
1609855532332,50,Woodridge Elem
1609859104080,71,Woodridge Elem
1609863116576,100,Woodridge Elem
1609866702512,127,Woodridge Elem
1609870601061,164,Woodridge Elem
1609874159244,182,Woodridge Elem
1609877725453,218,Woodridge Elem
1609881371711,252,Woodridge Elem
1609884812617,289,Woodridge Elem
1609888336288,334,Woodridge Elem
1609891393729,371,Woodridge Elem
1609856196861,59,Warren Tech
1609867855071,135,Warren Tech
1609875140505,176,Warren Tech
1609883607897,247,Warren Tech
1609850620611,28,White Oak
1609854433269,54,White Oak
1609860933156,97,White Oak
1609862145538,107,White Oak
1609865857974,150,White Oak
1609869336462,175,White Oak
1609872919532,199,White Oak
1609881142492,256,White Oak
1609883977399,284,White Oak
1609888603061,312,White Oak
1609891483456,359,White Oak
1609851810101,27,Winters Chapel
1609859257407,79,Winters Chapel
1609861137546,100,Winters Chapel
1609862750242,111,Winters Chapel
1609866659704,134,Winters Chapel
1609869700094,150,Winters Chapel
1609873418053,177,Winters Chapel
1609877131710,203,Winters Chapel
1609880460161,227,Winters Chapel
1609884098393,258,Winters Chapel
1609892053515,276,Winters Chapel
1609850294389,36,Wynbrooke Elem
1609855001164,62,Wynbrooke Elem
1609863702757,136,Wynbrooke Elem
1609871655618,216,Wynbrooke Elem
1609879136099,282,Wynbrooke Elem
1609884785955,335,Wynbrooke Elem
1609888958834,383,Wynbrooke Elem
1609851872514,22,Young Road
1609855392868,33,Young Road
1609858669802,43,Young Road
1609862476916,55,Young Road
1609866872251,64,Young Road
1609869688255,71,Young Road
1609876805617,97,Young Road
1609881113745,112,Young Road
1609884214458,129,Young Road
1609887985074,151,Young Road
